id,iid,project_id,title,description,state,created_at,updated_at,merged_at,closed_at,target_branch,source_branch,user_notes_count,upvotes,downvotes,assignees,reviewers,source_project_id,target_project_id,labels,work_in_progress,merge_when_pipeline_succeeds,merge_status,sha,squash_commit_sha,should_remove_source_branch,force_remove_source_branch,web_url,squash,has_conflicts,author_id,assignee_id,milestone_id,merged_by_id,closed_by_id,time_estimate,total_time_spent,human_time_estimate,human_total_time_spent
370,83,126,investment iisapp Pck_LoadStageIIS.dtsx,"created currency - id join in purchase_order_iis
created currency - id join in purchase_invoice_iis
 Changes to be committed:
	modified:   Deployment/02-SSIS/DWHLoad.ispac
	modified:   Deployment/02-SSIS/EnvVar - DEV.csv
	modified:   Deployment/02-SSIS/EnvVar - PROD.csv
	modified:   Deployment/02-SSIS/EnvVar - TEST.csv
	modified:   Deployment/02-SSIS/EnvVar - TEST_NAV_BC.csv
	modified:   dbt-env/dbt-env2/sqldbt/models/_view_datamart_investment/purchase_invoice_iis.sql
	modified:   dbt-env/dbt-env2/sqldbt/models/_view_datamart_investment/purchase_order_iis.sql
	new file:   dbt-env/dbt-env2/sqldbt/models/nav_integration/staging_nav/iis_currency_hist.sql
	new file:   dbt-env/dbt-env2/sqldbt/models/nav_integration/staging_nav/iis_currency_hist.yml
	modified:   ssis/DDImport/DDImport/Project.params
	modified:   ssis/DWHLoad/DWHLoad/Pck_LoadStageIIS.dtsx",merged,2023-12-18T14:09:04.437000Z,2023-12-18T14:09:36.683000Z,2023-12-18T14:09:36.709000Z,,live,dev,0,0,0,[60],[60],126,126,[],False,False,can_be_merged,364e8f94d3be72debb7370ca4c07029e7f5eb09e,,False,False,https://gitlab.schaer.com/swd/qunisdwh/-/merge_requests/83,False,False,60,60,,60,,0,0,,
357,82,126,add changes to _view_datamart_investment,"Changes to be committed:
	modified:   dbt-env/dbt-env2/sqldbt/models/_view_datamart_investment/purchase_invoice_iis.sql
	modified:   dbt-env/dbt-env2/sqldbt/models/not_integration/_fact_invest/nav_med_not_purch_ord_union.sql
	modified:   ssis/Sqlcode/BC_test_view_Corporate_Turkey.sql
	modified:   ssis/Sqlcode/BC_test_view_UK_Brasil.sql",merged,2023-12-12T14:21:24.523000Z,2023-12-12T14:24:05.281000Z,2023-12-12T14:24:05.314000Z,,live,dev,0,0,0,[60],[],126,126,[],False,False,can_be_merged,ca555b72c910421d97f9d5a0aa62eb276a35340a,,False,False,https://gitlab.schaer.com/swd/qunisdwh/-/merge_requests/82,False,False,60,60,,60,,0,0,,
331,81,126,add _view_datamart_investment iis app data exchange,"Changes to be committed:
	new file:   dbt-env/dbt-env2/sqldbt/models/_view_datamart_investment/dminv.yml
	new file:   dbt-env/dbt-env2/sqldbt/models/_view_datamart_investment/purchase_invoice_iis.sql
	new file:   dbt-env/dbt-env2/sqldbt/models/_view_datamart_investment/purchase_order_iis.sql",merged,2023-11-30T10:12:13.876000Z,2023-11-30T10:12:33.508000Z,2023-11-30T10:12:33.555000Z,,live,dev,0,0,0,[60],[],126,126,[],False,False,can_be_merged,375660bdc4e48e1f6588d78d69b5183ca23203c7,,False,False,https://gitlab.schaer.com/swd/qunisdwh/-/merge_requests/81,False,False,60,60,,60,,0,0,,
315,80,126,Live,,merged,2023-11-21T13:47:06.520000Z,2023-11-21T13:48:03.802000Z,2023-11-21T13:48:03.267000Z,,dev,live,0,0,0,[60],[],126,126,[],False,False,can_be_merged,d6a4000b2ada76a7fb4e0060b911394ba47d1c14,,False,False,https://gitlab.schaer.com/swd/qunisdwh/-/merge_requests/80,False,False,60,60,,60,,0,0,,
314,79,126,purchase_location.sql,modified:   dbt-env/dbt-env2/sqldbt/models/nav_integration/_dimension_location_list/purchase_location.sql,merged,2023-11-21T07:49:15.587000Z,2023-11-21T07:49:27.050000Z,2023-11-21T07:49:27.096000Z,,live,dev,0,0,0,[60],[],126,126,[],False,False,can_be_merged,9059bf71a15b8956fdca1995898ba7513c5c6e15,,False,False,https://gitlab.schaer.com/swd/qunisdwh/-/merge_requests/79,False,False,60,60,,60,,0,0,,
313,78,126,unccoment nav uom key,"Changes to be committed:
	modified:   dbt-env/dbt-env2/sqldbt/models/_view_datamart_purchase/Purchase Order.sql",merged,2023-11-21T07:37:04.137000Z,2023-11-21T07:37:28.623000Z,2023-11-21T07:37:28.661000Z,,live,dev,0,0,0,[60],[],126,126,[],False,False,can_be_merged,de43e889d20a76b83481d2ce2d4d06549b96908e,,False,False,https://gitlab.schaer.com/swd/qunisdwh/-/merge_requests/78,False,False,60,60,,60,,0,0,,
304,77,126,add source_table to nav_invoice_d3_invoice,"Changes to be committed:
	modified:   dbt-env/dbt-env2/sqldbt/dbt_project.yml
	modified:   dbt-env/dbt-env2/sqldbt/models/not_integration/_fact_invest/nav_invoice_d3_invoice.sql
	modified:   dbt-env/dbt-env2/sqldbt/models/not_integration/_fact_invest/nav_purch_invoice.sql
	modified:   docker-dbtrun-test/docker-compose.yml
	modified:   docker-dbtrun/profiles.yml",merged,2023-11-15T11:01:15.620000Z,2023-11-20T09:37:41.131000Z,2023-11-20T09:37:41.169000Z,,live,dev,0,0,0,[60],[],126,126,[],False,False,can_be_merged,e4acc58a5fa230b3146b6d1cf7972aed8c552a0b,,False,False,https://gitlab.schaer.com/swd/qunisdwh/-/merge_requests/77,False,False,60,60,,60,,0,0,,
274,76,126,added dbt run and run -t test,"Jenkins file docker path
 Changes to be committed:
	modified:   dbt-env/dbt-env2/sqldbt/models/_view_datamart_purchase/Purchase Bin.sql
	modified:   docker-dbtdocs/Jenkinsfile",merged,2023-10-17T07:06:23.425000Z,2023-10-17T07:06:33.550000Z,2023-10-17T07:06:33.580000Z,,live,dev,0,0,0,[60],[],126,126,[],False,False,can_be_merged,a81fd6eb366af43210b8dd50e3c76c06f01727af,,False,False,https://gitlab.schaer.com/swd/qunisdwh/-/merge_requests/76,False,False,60,60,,60,,0,0,,
270,75,126,Changes to be committed:,"target live docker env
	modified:   docker-dbtrun/Jenkinsfile",merged,2023-10-11T10:14:03.779000Z,2023-10-11T10:14:37.439000Z,2023-10-11T10:14:37.473000Z,,live,dev,0,0,0,[60],[],126,126,[],False,False,can_be_merged,e84c807518f33167ed2a58201409e9fb65ad4d16,,False,False,https://gitlab.schaer.com/swd/qunisdwh/-/merge_requests/75,False,False,60,60,,60,,0,0,,
194,74,126,increased field description and name length in,"modified table metadata for
stage.nav_Cust_ Ledger Entry
stage.nav_Vendor
stage.nav_Purch_ Inv_ Header
stage.nav_Vendor Ledger Entry
stage.nav_Purchase Line
stage.nav_Purchase Line Archive
stage.nav_Purch_ Inv_ Line",closed,2023-07-05T12:17:20.171000Z,2023-07-05T14:02:14.562000Z,,2023-07-05T14:02:14.583000Z,dev,live,0,0,0,[60],[],126,126,[],False,False,cannot_be_merged,1733390946802404d7161365fe491b3a1b2344dc,,False,False,https://gitlab.schaer.com/swd/qunisdwh/-/merge_requests/74,False,True,60,60,,,60,0,0,,
172,73,126,hotfix to ticket #226139,correct display order of description in cost center HR,merged,2023-06-20T08:06:25.941000Z,2023-06-20T08:06:45.358000Z,2023-06-20T08:06:45.478000Z,,dev,live,0,0,0,[60],[],126,126,[],False,False,can_be_merged,b3e40ef0151dc81e4f6cb56e4ab218a26d431e9a,,False,False,https://gitlab.schaer.com/swd/qunisdwh/-/merge_requests/73,False,False,60,60,,60,,0,0,,
165,72,126,Added Jenkins build pipeline for dbtdocs.drschaer.com,,merged,2023-06-13T12:00:16.305000Z,2023-06-13T12:00:23.057000Z,2023-06-13T12:00:23.101000Z,,dev,dev-jenkins,0,0,0,[67],[],126,126,[],False,False,can_be_merged,ddee7c20a37d47075c328b00bb21887b55c41977,,False,True,https://gitlab.schaer.com/swd/qunisdwh/-/merge_requests/72,False,False,67,67,,67,,0,0,,
135,71,126,NAV: created objects for investment plan,HR: correct boss assigned to emp key code,merged,2023-04-28T07:06:14.867000Z,2023-04-28T07:06:41.747000Z,2023-04-28T07:06:41.782000Z,,live,dev,0,0,0,[60],[],126,126,[],False,False,can_be_merged,8cadde61dd3f2a5c41b5c2996ba3ae40f9442f19,,False,False,https://gitlab.schaer.com/swd/qunisdwh/-/merge_requests/71,False,False,60,60,,60,,0,0,,
133,70,126,Dev,,merged,2023-04-26T13:44:01.447000Z,2023-04-26T13:44:11.965000Z,2023-04-26T13:44:12.252000Z,,live,dev,0,0,0,[60],[],126,126,[],False,False,can_be_merged,a52f7cf99a72c2194cc047be5cf4157d33d42b97,,False,False,https://gitlab.schaer.com/swd/qunisdwh/-/merge_requests/70,False,False,60,60,,60,,0,0,,
130,69,126,DEV,"troubleshoot request #219978
Package\SEQ_BuildBusCoreDim\DF_CostCtr\Lu_Location",merged,2023-03-21T13:37:17.056000Z,2023-03-21T13:37:28.320000Z,2023-03-21T13:37:28.454000Z,,dev,live,0,0,0,[60],[60],126,126,[],False,False,can_be_merged,de63d29cd68ae8b665c39ede9a68d095988d07fb,,False,False,https://gitlab.schaer.com/swd/qunisdwh/-/merge_requests/69,False,False,60,60,,60,,0,0,,
129,68,126,Live merge to Dev,,merged,2023-03-16T08:46:55.401000Z,2023-03-16T08:47:13.213000Z,2023-03-16T08:47:13.378000Z,,dev,live,0,0,0,[60],[],126,126,[],False,False,can_be_merged,a9537d6099105826726410ea523300f6b9a70d91,,False,False,https://gitlab.schaer.com/swd/qunisdwh/-/merge_requests/68,False,False,60,60,,60,,0,0,,
128,67,126,Fixlive,,merged,2023-02-27T14:56:46.378000Z,2023-02-27T15:05:10.845000Z,2023-02-27T15:05:10.896000Z,,live,fixlive,0,0,0,[60],[],126,126,[],False,False,can_be_merged,95e7adb59caa438379476264cba06a6f76482da1,,False,True,https://gitlab.schaer.com/swd/qunisdwh/-/merge_requests/67,False,False,60,60,,60,,0,0,,
127,66,126,Dev,,merged,2023-02-21T16:21:52.031000Z,2023-02-21T16:21:59.678000Z,2023-02-21T16:21:59.779000Z,,live,dev,0,0,0,[60],[],126,126,[],False,False,can_be_merged,651eda1e154ecf4a8d34b9760e56611c0240b839,,False,False,https://gitlab.schaer.com/swd/qunisdwh/-/merge_requests/66,False,False,60,60,,60,,0,0,,
125,65,126,TEST,"troubleshoot change in metadata in DBSrc_IdmCompanyMapping IdmCompanyMappingId column status returned was: ""DBSTATUS_UNAVAILABLE"".",merged,2023-02-10T11:00:35.869000Z,2023-02-10T11:01:44.544000Z,2023-02-10T11:01:44.612000Z,,dev,test,0,0,0,[60],[],126,126,[],False,False,can_be_merged,6440b3f493b2f4df80838f823e56aa899b2aaa6f,,False,False,https://gitlab.schaer.com/swd/qunisdwh/-/merge_requests/65,False,False,60,60,,60,,0,0,,
124,64,126,Live,,merged,2023-02-01T10:41:38.425000Z,2023-02-01T10:41:48.729000Z,2023-02-01T10:41:49.350000Z,,dev,live,0,0,0,[60],[],126,126,[],False,False,can_be_merged,5cd43ff0c459fb099f630997861c1078175e93bb,,False,False,https://gitlab.schaer.com/swd/qunisdwh/-/merge_requests/64,False,False,60,60,,60,,0,0,,
123,63,126,Test,,merged,2023-02-01T10:40:48.440000Z,2023-02-01T10:40:55.676000Z,2023-02-01T10:40:55.757000Z,,live,test,0,0,0,[],[],126,126,[],False,False,can_be_merged,a8213867488a2c15192a991af80e639d3b5e3688,,False,True,https://gitlab.schaer.com/swd/qunisdwh/-/merge_requests/63,False,False,60,,,60,,0,0,,
122,62,126,Test,,merged,2023-01-26T15:51:53.312000Z,2023-01-26T15:52:02.887000Z,2023-01-26T15:52:02.940000Z,,live,test,0,0,0,[60],[],126,126,[],False,False,can_be_merged,56a8fca0b885cbc6910215c889f4a0fc4ba2cff4,,False,False,https://gitlab.schaer.com/swd/qunisdwh/-/merge_requests/62,False,False,60,60,,60,,0,0,,
121,61,126,Dev,,merged,2023-01-26T15:50:16.254000Z,2023-01-26T15:50:24.361000Z,2023-01-26T15:50:24.409000Z,,test,dev,0,0,0,[60],[],126,126,[],False,False,can_be_merged,d4b78a0bf8291230d5d3c710eba99aa974f99899,,False,False,https://gitlab.schaer.com/swd/qunisdwh/-/merge_requests/61,False,False,60,60,,60,,0,0,,
120,60,126,Test,,merged,2022-12-21T09:39:14.249000Z,2022-12-21T09:39:24.062000Z,2022-12-21T09:39:24.100000Z,,live,test,0,0,0,[60],[60],126,126,[],False,False,can_be_merged,81be5ad974f26f807767ad16f9699fec6d6156d2,,False,False,https://gitlab.schaer.com/swd/qunisdwh/-/merge_requests/60,False,False,60,60,,60,,0,0,,
119,59,126,Dev,,merged,2022-12-21T09:37:56.512000Z,2022-12-21T09:38:06.511000Z,2022-12-21T09:38:06.592000Z,,test,dev,0,0,0,[60],[60],126,126,[],False,False,can_be_merged,1a79d18887667109fa4906f77e3beb68cea700c5,,False,False,https://gitlab.schaer.com/swd/qunisdwh/-/merge_requests/59,False,False,60,60,,60,,0,0,,
118,58,126,Test,,merged,2022-10-14T08:08:44.824000Z,2022-10-14T08:09:07.874000Z,2022-10-14T08:09:07.911000Z,,live,test,0,0,0,[60],[],126,126,[],False,False,can_be_merged,113f54d5bc13efd7ddaa1ecec2e50fd2af5f4afe,,False,False,https://gitlab.schaer.com/swd/qunisdwh/-/merge_requests/58,False,False,60,60,,60,,0,0,,
117,57,126,Dev,,merged,2022-10-14T08:06:12.447000Z,2022-10-14T08:06:24.877000Z,2022-10-14T08:06:24.928000Z,,test,dev,0,0,0,[60],[],126,126,[],False,False,can_be_merged,8a3c8961ff53dd9688bcd09eaca3351368bb5733,,False,False,https://gitlab.schaer.com/swd/qunisdwh/-/merge_requests/57,False,False,60,60,,60,,0,0,,
115,56,126,Test,,merged,2022-10-03T13:34:58.746000Z,2022-10-03T13:35:12.737000Z,2022-10-03T13:35:12.790000Z,,live,test,0,0,0,[60],[],126,126,[],False,False,can_be_merged,0209bd736b7fdf3830185610849de13833be8c47,,False,False,https://gitlab.schaer.com/swd/qunisdwh/-/merge_requests/56,False,False,60,60,,60,,0,0,,
114,55,126,Dev,,merged,2022-10-03T12:49:28.945000Z,2022-10-03T12:51:21.448000Z,2022-10-03T12:51:21.503000Z,,test,dev,0,0,0,[60],[],126,126,[],False,False,can_be_merged,de240033a770bf7ad5622b355a46f19737ddcd05,,False,False,https://gitlab.schaer.com/swd/qunisdwh/-/merge_requests/55,False,False,60,60,,60,,0,0,,
113,54,126,Test,,merged,2022-09-13T08:27:59.895000Z,2022-09-13T08:28:06.573000Z,2022-09-13T08:28:06.635000Z,,live,test,0,0,0,[60],[],126,126,[],False,False,can_be_merged,347907b97edaaf12b7ecebf2bc2c04773d98d7ba,,False,False,https://gitlab.schaer.com/swd/qunisdwh/-/merge_requests/54,False,False,60,60,,60,,0,0,,
112,53,126,DEV,"implemented changes to correct code extraction in case of null values not updated to 0 in Pck_LoadCoreBusHr.dtsx
implemented item stock trend table to have a timeline creation of item stock every last day of the month in Pck_LoadCoreBusNavPur.dtsx
changed procedure [ctrl].[p_core_prepare_coreprep_dim_chg] to correct NULL values inconsistencies among cleanse and core layer",merged,2022-09-13T08:27:05.495000Z,2022-09-13T08:27:12.747000Z,2022-09-13T08:27:12.801000Z,,test,dev,0,0,0,[60],[],126,126,[],False,False,can_be_merged,f2d318ad54ffef44bba02bf75e8fed7639b782cd,,False,False,https://gitlab.schaer.com/swd/qunisdwh/-/merge_requests/53,False,False,60,60,,60,,0,0,,
111,52,126,Test,,merged,2022-09-12T07:51:23.124000Z,2022-09-12T07:51:43.507000Z,2022-09-12T07:51:43.671000Z,,live,test,0,0,0,[60],[],126,126,[],False,False,can_be_merged,d910f2d060fb225fb00c0dde173ff6bb4f9e1c3f,,False,False,https://gitlab.schaer.com/swd/qunisdwh/-/merge_requests/52,False,False,60,60,,60,,0,0,,
110,51,126,Dev,,merged,2022-09-08T14:28:27.540000Z,2022-09-08T14:28:40.554000Z,2022-09-08T14:28:40.604000Z,,test,dev,0,0,0,[60],[],126,126,[],False,False,can_be_merged,7537db8cc1dfcfee4bf51450f2b22e7ef610bfe7,,False,False,https://gitlab.schaer.com/swd/qunisdwh/-/merge_requests/51,False,False,60,60,,60,,0,0,,
107,50,126,Dev,,merged,2022-09-06T14:33:40.207000Z,2022-09-06T14:33:50.786000Z,2022-09-06T14:33:50.932000Z,,test,dev,0,0,0,[60],[],126,126,[],False,False,can_be_merged,79658c411f61caf7aa8326beed12fc6b31d0850d,,False,False,https://gitlab.schaer.com/swd/qunisdwh/-/merge_requests/50,False,False,60,60,,60,,0,0,,
105,49,126,Dev,,merged,2022-09-05T15:30:11.238000Z,2022-09-05T15:30:29.937000Z,2022-09-05T15:30:30.014000Z,,test,dev,0,0,0,[],[],126,126,[],False,False,can_be_merged,31c3ee438621774940d940eb25d1d9edbeafc552,,False,False,https://gitlab.schaer.com/swd/qunisdwh/-/merge_requests/49,False,False,60,,,60,,0,0,,
104,48,126,Test,,merged,2022-09-05T14:35:59.082000Z,2022-09-05T14:36:50.812000Z,2022-09-05T14:36:50.970000Z,,dev,test,0,0,0,[60],[],126,126,[],False,False,can_be_merged,2b1e61d47ab1a6902d2e70cfe49bf0eb741423e1,,False,False,https://gitlab.schaer.com/swd/qunisdwh/-/merge_requests/48,False,False,60,60,,60,,0,0,,
103,47,126,Dev,,merged,2022-09-02T09:21:32.852000Z,2022-09-02T09:22:29.170000Z,2022-09-02T09:22:29.234000Z,,test,dev,0,0,0,[60],[],126,126,[],False,False,can_be_merged,ac0712ba81da1237868ea87c2edff3f8cf2691c8,,False,False,https://gitlab.schaer.com/swd/qunisdwh/-/merge_requests/47,False,False,60,60,,60,,0,0,,
102,46,126,Dev uma src,,merged,2022-09-02T09:19:14.986000Z,2022-09-02T09:19:27.182000Z,2022-09-02T09:19:27.263000Z,,dev,dev_uma_src,0,0,0,[60],[],126,126,[],False,False,can_be_merged,025134bd094d6e50fb36a77372f46023854f6a96,,False,True,https://gitlab.schaer.com/swd/qunisdwh/-/merge_requests/46,False,False,60,60,,60,,0,0,,
99,45,126,Dev,,merged,2022-08-31T07:49:48.151000Z,2022-08-31T07:50:04.311000Z,2022-08-31T07:50:04.367000Z,,test,dev,0,0,0,[60],[],126,126,[],False,False,can_be_merged,334701804990a33a2bf94805ead461b304873bf3,,False,False,https://gitlab.schaer.com/swd/qunisdwh/-/merge_requests/45,False,False,60,60,,60,,0,0,,
88,44,126,Test,,merged,2022-07-28T11:51:15.191000Z,2022-07-28T11:52:13.816000Z,2022-07-28T11:51:25.859000Z,,live,test,0,0,0,[60],[],126,126,[],False,False,can_be_merged,9c073ec18039b489f766d8f8d4b013b627f35237,,False,False,https://gitlab.schaer.com/swd/qunisdwh/-/merge_requests/44,False,False,60,60,,60,,0,0,,
87,43,126,Dev,,merged,2022-07-28T11:50:26.353000Z,2022-07-28T11:50:33.334000Z,2022-07-28T11:50:33.370000Z,,test,dev,0,0,0,[60],[],126,126,[],False,False,can_be_merged,d3a9c4c14b57934e2f80aa70ae72e83f726edd76,,False,False,https://gitlab.schaer.com/swd/qunisdwh/-/merge_requests/43,False,False,60,60,,60,,0,0,,
85,42,126,Test,,merged,2022-07-26T13:39:29.260000Z,2022-07-26T13:39:46.118000Z,2022-07-26T13:39:46.165000Z,,live,test,0,0,0,[60],[],126,126,[],False,False,can_be_merged,126f231d012bbb21259a3757dd6deae65a50baaf,,False,False,https://gitlab.schaer.com/swd/qunisdwh/-/merge_requests/42,False,False,60,60,,60,,0,0,,
84,41,126,Dev,,merged,2022-07-26T13:38:23.560000Z,2022-07-26T13:38:36.852000Z,2022-07-26T13:38:36.922000Z,,test,dev,0,0,0,[60],[],126,126,[],False,False,can_be_merged,4003fd9171eee030674fe1519c7fe9be97f18b2d,,False,False,https://gitlab.schaer.com/swd/qunisdwh/-/merge_requests/41,False,False,60,60,,60,,0,0,,
83,40,126,Dev,,merged,2022-07-21T12:29:36.154000Z,2022-07-21T12:30:19.497000Z,2022-07-21T12:30:19.617000Z,,test,dev,0,0,0,[60],[60],126,126,[],False,False,can_be_merged,9582c61962e214f3bffadda3c274cd5e0d9c984c,,False,False,https://gitlab.schaer.com/swd/qunisdwh/-/merge_requests/40,False,False,60,60,,60,,0,0,,
72,39,126,Test,,merged,2022-05-16T12:48:34.218000Z,2022-05-16T12:48:46.537000Z,2022-05-16T12:48:46.610000Z,,live,test,0,0,0,[60],[],126,126,[],False,False,can_be_merged,629186e7bdbe32b01a64b37658b92edad042d8a9,,False,False,https://gitlab.schaer.com/swd/qunisdwh/-/merge_requests/39,False,False,60,60,,60,,0,0,,
71,38,126,Dev,,merged,2022-05-16T12:46:49.216000Z,2022-05-16T12:47:05.884000Z,2022-05-16T12:47:05.927000Z,,test,dev,0,0,0,[60],[],126,126,[],False,False,can_be_merged,0a8d1d5da958678fc27aca57b37d08ad8ad47e9b,,False,False,https://gitlab.schaer.com/swd/qunisdwh/-/merge_requests/38,False,False,60,60,,60,,0,0,,
70,37,126,Dev,,merged,2022-05-16T09:00:30.278000Z,2022-05-16T09:00:54.571000Z,2022-05-16T09:00:54.632000Z,,test,dev,0,0,0,[60],[],126,126,[],False,False,can_be_merged,f782a0b05302a357cba41facec1edc3137885f8f,,False,False,https://gitlab.schaer.com/swd/qunisdwh/-/merge_requests/37,False,False,60,60,,60,,0,0,,
69,36,126,Test,,merged,2022-05-16T08:57:39.438000Z,2022-05-16T08:57:59.350000Z,2022-05-16T08:57:59.435000Z,,dev,test,0,0,0,[60],[],126,126,[],False,False,can_be_merged,4d86f755e021f7dcd28fb97379f337812b887e0d,,False,False,https://gitlab.schaer.com/swd/qunisdwh/-/merge_requests/36,False,False,60,60,,60,,0,0,,
68,35,126,Dev,,merged,2022-05-05T14:13:54.683000Z,2022-05-05T14:14:27.896000Z,2022-05-05T14:14:27.989000Z,,test,Dev,0,0,0,[],[],126,126,[],False,False,can_be_merged,ca6ecc1e82c6ba44f90d8d4dea83b074883e38e4,,False,False,https://gitlab.schaer.com/swd/qunisdwh/-/merge_requests/35,False,False,60,,,60,,0,0,,
67,34,126,Merge Umantis package,,closed,2022-05-05T14:05:53.017000Z,2022-05-05T14:12:44.361000Z,,2022-05-05T14:12:44.387000Z,DevSecond_schaerhrdata,test,0,0,0,[],[],126,126,[],False,False,cannot_be_merged,f0df5a19844c2ff546c12797179435feacf133cd,,False,True,https://gitlab.schaer.com/swd/qunisdwh/-/merge_requests/34,False,True,60,,,,60,0,0,,
66,33,126,Dev second schaerhrdata,,merged,2022-05-05T14:01:13.859000Z,2022-05-05T14:14:27.799000Z,2022-05-05T14:14:27.872000Z,,test,DevSecond_schaerhrdata,0,0,0,[60],[],126,126,[],False,False,cannot_be_merged_recheck,ca6ecc1e82c6ba44f90d8d4dea83b074883e38e4,,False,False,https://gitlab.schaer.com/swd/qunisdwh/-/merge_requests/33,False,False,60,60,,60,,0,0,,
65,32,126,Test,,merged,2022-03-29T08:57:59.551000Z,2022-03-29T08:58:07.214000Z,2022-03-29T08:58:07.377000Z,,DevSecond_schaerhrdata,test,0,0,0,[],[],126,126,[],False,False,can_be_merged,f49f97f51ba39e06fc5273fa5dbfcc1d999e792c,,False,False,https://gitlab.schaer.com/swd/qunisdwh/-/merge_requests/32,False,False,60,,,60,,0,0,,
64,31,126,Test,,merged,2022-03-07T14:46:44.111000Z,2022-03-07T14:46:51.904000Z,2022-03-07T14:46:51.925000Z,,live,test,0,0,0,[60],[],126,126,[],False,False,can_be_merged,c7566a0c12d28a7f9e79c52f7543eab8d3bfb674,,False,False,https://gitlab.schaer.com/swd/qunisdwh/-/merge_requests/31,False,False,60,60,,60,,0,0,,
63,30,126,DEV,"Implementation of NAV staging layer in Pck_LoadCleansePBI.dtsx
Implementation of incremental load in Pck_LoadStagePBI.dtsx and Pck_LoadCleansePBI.dtsx",merged,2022-03-07T14:45:35.891000Z,2022-03-07T14:45:47.942000Z,2022-03-07T14:45:47.993000Z,,test,DevSecond_schaerhrdata,0,0,0,[60],[],126,126,[],False,False,can_be_merged,61fb7f1ae290efc60f85b85c710b840f403142b8,,False,False,https://gitlab.schaer.com/swd/qunisdwh/-/merge_requests/30,False,False,60,60,,60,,0,0,,
62,29,126,Test,,merged,2022-03-07T11:55:50.468000Z,2022-03-07T11:56:05.933000Z,2022-03-07T11:56:05.955000Z,,live,test,0,0,0,[60],[],126,126,[],False,False,can_be_merged,407452dd6893af6543ff162eadc49c892d44c7b7,,False,False,https://gitlab.schaer.com/swd/qunisdwh/-/merge_requests/29,False,False,60,60,,60,,0,0,,
61,28,126,Dev second schaerhrdata,,merged,2022-03-07T11:55:10.008000Z,2022-03-07T11:55:17.384000Z,2022-03-07T11:55:17.473000Z,,test,DevSecond_schaerhrdata,0,0,0,[60],[],126,126,[],False,False,can_be_merged,975c627016d7c5cd0a3a59c3a978278243ebd420,,False,False,https://gitlab.schaer.com/swd/qunisdwh/-/merge_requests/28,False,False,60,60,,60,,0,0,,
60,27,126,Test,,merged,2022-03-07T11:40:26.540000Z,2022-03-07T11:40:40.243000Z,2022-03-07T11:40:40.341000Z,,live,test,0,0,0,[60],[],126,126,[],False,False,can_be_merged,ba8eaae5f7177fec66767acc7619aaf2f3ca2914,,False,False,https://gitlab.schaer.com/swd/qunisdwh/-/merge_requests/27,False,False,60,60,,60,,0,0,,
59,26,126,Dev second schaerhrdata,,merged,2022-03-02T16:29:09.398000Z,2022-03-02T16:29:21.458000Z,2022-03-02T16:29:21.549000Z,,test,DevSecond_schaerhrdata,0,0,0,[60],[],126,126,[],False,False,can_be_merged,493b6c36e4f4c12ab404ffaee37feb869344f4ab,,False,False,https://gitlab.schaer.com/swd/qunisdwh/-/merge_requests/26,False,False,60,60,,60,,0,0,,
58,25,126,Dev second schaerhrdata,,merged,2022-03-02T14:41:53.575000Z,2022-03-02T14:42:19.305000Z,2022-03-02T14:42:19.379000Z,,test,DevSecond_schaerhrdata,0,0,0,[60],[],126,126,[],False,False,can_be_merged,c6e6e14ccfbd1f6c91987ab5b8db173df499ea87,,False,False,https://gitlab.schaer.com/swd/qunisdwh/-/merge_requests/25,False,False,60,60,,60,,0,0,,
57,24,126,Dev second schaerhrdata,,merged,2022-02-24T14:32:10.136000Z,2022-02-24T14:32:19.329000Z,2022-02-24T14:32:19.390000Z,,test,DevSecond_schaerhrdata,0,0,0,[60],[],126,126,[],False,False,can_be_merged,7de171ed87d4e4d715cb67052fc857b5db4c472c,,False,False,https://gitlab.schaer.com/swd/qunisdwh/-/merge_requests/24,False,False,60,60,,60,,0,0,,
56,23,126,Test,,closed,2022-02-22T16:54:55.923000Z,2022-05-05T14:12:44.172000Z,,2022-05-05T14:12:44.203000Z,master,test,0,0,0,[60],[],126,126,[],False,False,cannot_be_merged_recheck,f0df5a19844c2ff546c12797179435feacf133cd,,False,False,https://gitlab.schaer.com/swd/qunisdwh/-/merge_requests/23,False,False,60,60,,,60,0,0,,
55,22,126,Test,,closed,2022-02-22T16:51:53.127000Z,2022-02-22T16:54:35.157000Z,,2022-02-22T16:54:35.167000Z,master,test,0,0,0,[60],[],126,126,[],False,False,cannot_be_merged,a2dca96f5fdb87fe32519f697f3b9921d9d244cd,,False,False,https://gitlab.schaer.com/swd/qunisdwh/-/merge_requests/22,False,True,60,60,,,60,0,0,,
54,21,126,Test,,closed,2022-02-22T16:40:34.129000Z,2022-02-22T16:51:18.550000Z,,2022-02-22T16:51:18.635000Z,master,test,0,0,0,[60],[],126,126,[],False,False,cannot_be_merged,a2dca96f5fdb87fe32519f697f3b9921d9d244cd,,False,False,https://gitlab.schaer.com/swd/qunisdwh/-/merge_requests/21,False,True,60,60,,,60,0,0,,
53,20,126,Dev second schaerhrdata,,merged,2022-02-22T16:39:33.864000Z,2022-02-22T16:40:00.657000Z,2022-02-22T16:40:00.724000Z,,test,DevSecond_schaerhrdata,0,0,0,[60],[],126,126,[],False,False,can_be_merged,1520420e1089cc6eb198dab5ead8a618a274fc30,,False,False,https://gitlab.schaer.com/swd/qunisdwh/-/merge_requests/20,False,False,60,60,,60,,0,0,,
52,19,126,Dev second schaerhrdata,,closed,2022-02-22T16:29:35.940000Z,2022-02-22T16:38:31.227000Z,,2022-02-22T16:38:31.237000Z,master,DevSecond_schaerhrdata,0,0,0,[60],[],126,126,[],False,False,cannot_be_merged,1520420e1089cc6eb198dab5ead8a618a274fc30,,False,True,https://gitlab.schaer.com/swd/qunisdwh/-/merge_requests/19,False,True,60,60,,,60,0,0,,
51,18,126,Test,,closed,2022-02-22T16:28:55.029000Z,2022-02-22T16:38:13.322000Z,,2022-02-22T16:38:13.406000Z,master,test,0,0,0,[],[],126,126,[],False,False,cannot_be_merged,368bc61ab3ff37ffd2f5aff8224ed791b688fefe,,False,True,https://gitlab.schaer.com/swd/qunisdwh/-/merge_requests/18,False,True,60,,,,60,0,0,,
50,17,126,Test,,closed,2022-02-22T16:23:52.687000Z,2022-02-22T16:25:22.598000Z,,2022-02-22T16:25:22.607000Z,master,test,0,0,0,[60],[],126,126,[],False,False,cannot_be_merged,368bc61ab3ff37ffd2f5aff8224ed791b688fefe,,False,False,https://gitlab.schaer.com/swd/qunisdwh/-/merge_requests/17,True,True,60,60,,,60,0,0,,
49,16,126,Dev second schaerhrdata,,merged,2022-02-22T16:20:58.593000Z,2022-02-22T16:21:10.267000Z,2022-02-22T16:21:10.290000Z,,test,DevSecond_schaerhrdata,0,0,0,[60],[],126,126,[],False,False,can_be_merged,1520420e1089cc6eb198dab5ead8a618a274fc30,16cad8f52593d75088a7b91693689847c94d46b0,False,False,https://gitlab.schaer.com/swd/qunisdwh/-/merge_requests/16,True,False,60,60,,60,,0,0,,
48,15,126,Test,,merged,2022-02-22T10:06:41.745000Z,2022-02-22T10:07:06.623000Z,2022-02-22T10:07:06.687000Z,,master,test,0,0,0,[60],[],126,126,[],False,False,can_be_merged,7d9c3f354f7c2d70af3b44868eb50982a783408e,5953c1111d530e671ed2e13a492b16926c62325e,False,False,https://gitlab.schaer.com/swd/qunisdwh/-/merge_requests/15,True,False,60,60,,60,,0,0,,
47,14,126,Dev second schaerhrdata,test merge,closed,2022-02-22T09:45:40.154000Z,2022-02-22T16:20:06.672000Z,,2022-02-22T16:20:06.751000Z,test,DevSecond_schaerhrdata,0,0,0,[60],[],126,126,[],False,False,can_be_merged,1520420e1089cc6eb198dab5ead8a618a274fc30,,False,False,https://gitlab.schaer.com/swd/qunisdwh/-/merge_requests/14,True,False,60,60,,,60,0,0,,
46,13,126,Dev merge,,closed,2022-02-16T08:50:10.402000Z,2022-02-22T09:25:45.439000Z,,2022-02-22T09:25:45.524000Z,master_merge,Dev_merge,0,0,0,[],[],126,126,[],False,False,cannot_be_merged,3b33ffbcc534edb6a5934a1a6baa4d006ef08021,,False,True,https://gitlab.schaer.com/swd/qunisdwh/-/merge_requests/13,True,True,60,,,,60,0,0,,
45,12,126,Test merge,,merged,2022-02-16T08:46:00.757000Z,2022-02-16T08:47:11.073000Z,2022-02-16T08:47:11.111000Z,,master_merge,test_merge,0,0,0,[],[],126,126,[],False,False,can_be_merged,e8c49931e6665d82bd32de41f74da62bd27c1fe6,b4e74678edfcdeaec89046be19e2160b0da46b59,False,True,https://gitlab.schaer.com/swd/qunisdwh/-/merge_requests/12,True,False,60,,,60,,0,0,,
44,11,126,MASTER,Modified procedure to deploy live instead of dev interface folder to local path,merged,2022-01-20T14:48:38.880000Z,2022-01-20T14:48:59.668000Z,2022-01-20T14:48:59.713000Z,,DevSecond_schaerhrdata,master,0,0,0,[60],[],126,126,[],False,False,can_be_merged,b81663a9d52f603e585c6b4340e76c15b6d925fc,,False,False,https://gitlab.schaer.com/swd/qunisdwh/-/merge_requests/11,False,False,60,60,,60,,0,0,,
43,10,126,MASTER,Modified procedure to deploy live instead of dev interface folder to local path,merged,2022-01-20T14:45:42.122000Z,2022-01-20T14:46:06.685000Z,2022-01-20T14:46:06.782000Z,,test,master,0,0,0,[60],[],126,126,[],False,False,can_be_merged,b81663a9d52f603e585c6b4340e76c15b6d925fc,,False,False,https://gitlab.schaer.com/swd/qunisdwh/-/merge_requests/10,False,False,60,60,,60,,0,0,,
42,9,126,Business case test queue1,Queue T 2 L,merged,2022-01-18T15:13:37.732000Z,2022-01-18T15:13:45.236000Z,2022-01-18T15:13:45.287000Z,,BusinessCase_LiveQueue,BusinessCase_TestQueue1,0,0,0,[],[],126,126,[],False,False,can_be_merged,4f3c190b83c4a021c135c0a27285912c5d052b2b,,False,False,https://gitlab.schaer.com/swd/qunisdwh/-/merge_requests/9,False,False,60,,,60,,0,0,,
41,8,126,Business case test queue1,queue T 2 D,merged,2022-01-18T15:10:44.178000Z,2022-01-18T15:10:50.007000Z,2022-01-18T15:10:50.046000Z,,BusinessCase_DevQueue,BusinessCase_TestQueue1,0,0,0,[],[],126,126,[],False,False,can_be_merged,4f3c190b83c4a021c135c0a27285912c5d052b2b,,False,False,https://gitlab.schaer.com/swd/qunisdwh/-/merge_requests/8,False,False,60,,,60,,0,0,,
40,7,126,Business case live queue,Live queue to Dev,merged,2022-01-18T15:07:53.710000Z,2022-01-18T15:08:14.004000Z,2022-01-18T15:08:14.069000Z,,BusinessCase_DevQueue,BusinessCase_LiveQueue,0,0,0,[],[],126,126,[],False,False,can_be_merged,389191cdde5b78690637e6207c639709fbb31468,,False,True,https://gitlab.schaer.com/swd/qunisdwh/-/merge_requests/7,False,False,60,,,60,,0,0,,
39,6,126,Draft: Business case test queue1 to Live,test queue1 to Live,closed,2022-01-18T15:03:46.087000Z,2022-01-18T15:12:01.775000Z,,2022-01-18T15:12:01.810000Z,BusinessCase_LiveQueue,BusinessCase_TestQueue1,2,0,0,[],[],126,126,[],True,False,can_be_merged,4f3c190b83c4a021c135c0a27285912c5d052b2b,,False,False,https://gitlab.schaer.com/swd/qunisdwh/-/merge_requests/6,False,False,60,,,,60,0,0,,
38,5,126,TEST to DEV,modified Pck_LoadStagePBI.dtsx > same change as DEV,closed,2022-01-18T14:24:04.744000Z,2022-01-18T14:25:46.391000Z,,2022-01-18T14:25:46.418000Z,BusinessCase_DevQueue,BusinessCase_TestQueue1,1,0,0,[],[],126,126,[],False,False,can_be_merged,389191cdde5b78690637e6207c639709fbb31468,,False,False,https://gitlab.schaer.com/swd/qunisdwh/-/merge_requests/5,False,False,60,,,,60,0,0,,
37,4,126,TEST input modification on DEV version,modified Pck_LoadStagePBI.dtsx to evaluate merge request based on different files.,merged,2022-01-18T13:58:15.554000Z,2022-01-18T13:58:29.457000Z,2022-01-18T13:58:29.507000Z,,BusinessCase_DevQueue,BusinessCase_TestQueue1,0,0,0,[],[],126,126,[],False,False,can_be_merged,30b9696bcaef02188c9622e37b2b6eac6e57a7b9,,False,False,https://gitlab.schaer.com/swd/qunisdwh/-/merge_requests/4,False,False,60,,,60,,0,0,,
36,3,126,Dev second schaerhrdata,test of modification merge to master clone rep,merged,2021-12-17T14:23:02.252000Z,2021-12-17T14:23:21.967000Z,2021-12-17T14:23:22.014000Z,,mymaster_testmerge,DevSecond_schaerhrdata,1,0,0,[],[],126,126,[],False,False,can_be_merged,c1d30b7a6e5181a4d831ddf1008f783498dbcd11,,False,True,https://gitlab.schaer.com/swd/qunisdwh/-/merge_requests/3,False,False,60,,,60,,0,0,,
35,2,126,Test,"merge request test into master
modified deployment config file",merged,2021-12-03T09:59:32.046000Z,2021-12-03T10:01:09.653000Z,2021-12-03T10:01:09.713000Z,,master,test,1,0,0,[60],[60],126,126,[],False,False,can_be_merged,0211ca0aa4fa787f95b9cc7e52ee2f3baa454891,43f6c93d0050c3866e86e9b73175778d9d4f29f9,False,True,https://gitlab.schaer.com/swd/qunisdwh/-/merge_requests/2,True,False,60,60,,60,,0,0,,
34,1,126,Dev first pbiapplog,Test branch merge n1,merged,2021-11-15T14:35:48.852000Z,2021-11-15T14:36:04.974000Z,2021-11-15T14:36:05.045000Z,,mytest_Ilona,DevFirst_pbiapplog,0,0,0,[],[],126,126,[],False,False,can_be_merged,a6812dc051eb5f344826da416d3bc1db06666706,,False,False,https://gitlab.schaer.com/swd/qunisdwh/-/merge_requests/1,False,False,60,,,60,,0,0,,
